{"nodes":{"node:1":{"location":{"x":102,"y":-176}}},"selection":null,"view":{"scroll":{"x":-122.063720703125,"y":-660.20928955078125},"visible_rect":{"max":{"x":576.62420654296875,"y":260.52716064453125},"min":{"x":-81.3758163452148438,"y":-440.1395263671875}},"zoom":1.5}}